{"avg_q": [0.12739521360547665, 0.1221707344636822, 0.12727882231495263, 0.1544451366335358, 0.20648519543752458, 0.24603249827113427, 0.23490130243118257, 0.24187815242715113, 0.26707182870250146, 0.2835956058638248, 0.32368148745512854, 0.41263546252346883, 0.41095860385326916, 0.6089868374391991, 0.6395164574170751, 0.6483013584975811, 0.6891495561938263, 0.685416993130898, 0.7075989212374358, 0.7018803548108201, 0.7593325163573522, 0.7890506050888207, 0.8075835473754398, 0.8438471059956645, 0.9046676901545554, 0.9411858043943843, 0.9364402850318702, 0.9804174542749897, 0.9921078338497795, 1.0479093637457428, 1.0372591591406242, 1.0705449633223643, 1.0847183126660431, 1.0986681088991561, 1.1222372215833527, 1.1532146026974135, 1.137259314325144, 1.1333634988723733, 1.181702950747727, 1.216890547456824, 1.226685736453509, 1.2232762440679457, 1.2344349507068642, 1.2337218456328432, 1.2654029959106161, 1.246108034480967, 1.3363162179648698, 1.3546388961358429, 1.3028285105223627, 1.3488398224968063, 1.384072132984547, 1.4032460323835, 1.4064932097877925, 1.3967701874710576, 1.4385764659071583, 1.443504203529428, 1.4772098508505942, 1.448047055845462, 1.4569608733064496, 1.4557106099125376, 1.4572968894666891, 1.4494375355478273, 1.4629056605782098, 1.4784374317914089, 1.5313664141700778, 1.5777468056081265, 1.5746815110941754, 1.611933643537778, 1.6455955594827614, 1.669533686231838, 1.674303438206187, 1.7177801635404513, 1.726883984700061, 1.6886391431490024, 1.7084066215688356, 1.7130330396409932, 1.6832509708267076, 1.6914859241154527, 1.6774401359714075, 1.689045463291032, 1.7101383399613437, 1.718283768000304, 1.7358181458012363, 1.7582274475463486, 1.7586457399750541, 1.764781040987451, 1.7802820513193902, 1.77277742291095, 1.7257174539312603, 1.8107465256745214, 1.8275678080582836, 1.8436682697435793, 1.8597837629660652, 1.8791215197848747, 1.8420489979880088, 1.8530887726383687, 1.8381674677073279, 1.8722817818066013, 1.8676476630684244, 1.8636447283859117, 1.886362098595829, 1.8306433817378263, 1.9137366955132284, 1.922137764655298, 1.9299684260921899, 1.8846233416446394, 1.955587047566812, 1.9643047934074718, 1.9702380708759828, 1.988730745577218, 1.984765342056636, 1.9870562050625014, 2.004986925450723, 1.9824956236407976, 2.045379351864915, 2.0564211860443984], "total_reward": [107.0, 98.0, 71.0, 87.0, 81.0, 76.0, 58.0, 51.0, 54.0, 65.0, 57.0, 84.0, 62.0, 149.0, 162.0, 165.0, 179.0, 173.0, 148.0, 182.0, 163.0, 162.0, 140.0, 173.0, 168.0, 161.0, 204.0, 183.0, 189.0, 201.0, 179.0, 204.0, 203.0, 207.0, 190.0, 204.0, 209.0, 203.0, 220.0, 195.0, 230.0, 196.0, 209.0, 238.0, 219.0, 234.0, 212.0, 201.0, 234.0, 204.0, 230.0, 242.0, 256.0, 257.0, 223.0, 260.0, 240.0, 222.0, 228.0, 226.0, 228.0, 253.0, 247.0, 247.0, 251.0, 254.0, 257.0, 254.0, 237.0, 235.0, 268.0, 279.0, 259.0, 272.0, 266.0, 294.0, 292.0, 257.0, 270.0, 224.0, 267.0, 269.0, 266.0, 272.0, 249.0, 302.0, 256.0, 274.0, 248.0, 293.0, 280.0, 291.0, 270.0, 263.0, 255.0, 266.0, 274.0, 301.0, 263.0, 270.0, 294.0, 231.0, 292.0, 287.0, 272.0, 233.0, 264.0, 264.0, 287.0, 296.0, 290.0, 284.0, 283.0, 259.0, 297.0, 341.0], "avg_reward": [2.675, 2.2790697674418605, 1.3653846153846154, 1.891304347826087, 1.975609756097561, 1.853658536585366, 0.9830508474576272, 1.59375, 2.0, 2.1666666666666665, 1.2954545454545454, 2.4705882352941178, 2.3846153846153846, 5.730769230769231, 6.0, 7.5, 8.523809523809524, 8.65, 7.0476190476190474, 8.666666666666666, 7.409090909090909, 6.48, 5.0, 9.105263157894736, 6.72, 6.708333333333333, 11.333333333333334, 10.166666666666666, 9.45, 11.166666666666666, 8.95, 9.714285714285714, 11.277777777777779, 12.9375, 10.555555555555555, 12.0, 11.61111111111111, 11.941176470588236, 14.666666666666666, 12.1875, 15.333333333333334, 12.25, 12.294117647058824, 15.866666666666667, 12.166666666666666, 15.6, 14.133333333333333, 11.823529411764707, 16.714285714285715, 12.75, 16.428571428571427, 17.285714285714285, 18.285714285714285, 19.76923076923077, 17.153846153846153, 18.571428571428573, 17.142857142857142, 14.8, 16.285714285714285, 15.066666666666666, 15.2, 18.071428571428573, 16.466666666666665, 20.583333333333332, 20.916666666666668, 19.53846153846154, 19.76923076923077, 21.166666666666668, 16.928571428571427, 18.076923076923077, 22.333333333333332, 21.46153846153846, 21.583333333333332, 22.666666666666668, 22.166666666666668, 24.5, 26.545454545454547, 19.76923076923077, 20.76923076923077, 14.0, 22.25, 24.454545454545453, 24.181818181818183, 22.666666666666668, 22.636363636363637, 27.454545454545453, 23.272727272727273, 22.833333333333332, 19.076923076923077, 26.636363636363637, 23.333333333333332, 24.25, 22.5, 21.916666666666668, 17.0, 24.181818181818183, 24.90909090909091, 25.083333333333332, 23.90909090909091, 22.5, 26.727272727272727, 17.76923076923077, 26.545454545454547, 26.09090909090909, 24.727272727272727, 15.533333333333333, 24.0, 20.307692307692307, 26.09090909090909, 26.90909090909091, 26.363636363636363, 28.4, 25.727272727272727, 21.583333333333332, 33.0, 34.1], "total_q": [1457.2738484330475, 1388.1038849763572, 1453.905987303704, 1757.2767646163702, 2351.6598908379674, 2801.572057813406, 2680.4587620422244, 2762.9741351753473, 3043.2834880650043, 3227.885185942054, 3682.8479642644525, 4703.631637305021, 4684.517125323415, 6934.53311792016, 7287.2900322675705, 7388.690582796931, 7838.387052148581, 7839.7995674312115, 8064.504905343056, 8026.703737616539, 8673.096001833677, 8978.60683530569, 9203.222105890512, 9596.229289382696, 10315.925670832396, 10752.106629401445, 10649.198921382427, 11222.838599085808, 11293.16347271204, 11933.59183433652, 11825.791673362255, 12173.166777938604, 12390.737285584211, 12474.277708441019, 12789.015377163887, 13140.880397737026, 12967.030701935291, 12940.74443012476, 13487.957479834557, 13907.84206688404, 13985.444081306458, 13989.387127161026, 14129.342445790768, 14090.337198972702, 14426.859556376934, 14261.706454634666, 15252.713311851025, 15449.656610429287, 14892.632703781128, 15368.68093752861, 15828.24891281128, 15999.811261236668, 16019.957659482956, 15941.338149607182, 16444.367581784725, 16460.27843284607, 16854.96439820528, 16603.307542324066, 16645.777977526188, 16593.645242393017, 16566.55103945732, 16513.441842496395, 16639.088983416557, 16849.751410126686, 17534.14544224739, 18030.49049448967, 17984.437538206577, 18384.10320454836, 18804.220458209515, 19116.160707354546, 19038.504395842552, 19541.467140436172, 19677.843005657196, 19277.50445818901, 19460.459826290607, 19520.011486709118, 19268.173863053322, 19260.95021790266, 19077.526666402817, 19194.312644839287, 19574.24343919754, 19643.420035779476, 19767.49704438448, 19984.013168811798, 20090.768933475018, 20148.505144953728, 20311.237923502922, 20207.88984376192, 19643.841778099537, 20600.86322259903, 20792.23895227909, 21051.00430393219, 21262.907761991024, 21480.238092660904, 20995.674479067326, 21154.861428439617, 20901.802275300026, 21358.99056684971, 21304.256892621517, 21239.958969414234, 21510.18701028824, 20869.33455181122, 21824.25327563286, 21979.645338833332, 22024.79967856407, 21486.590718090534, 22360.18230187893, 22461.82531261444, 22506.029483616352, 22741.136075675488, 22574.721000552177, 22743.84532314539, 22858.855937063694, 22657.942482590675, 23390.95826792717, 23478.160681068897]}