{"avg_q": [-0.045572648746115954, -0.1084750097193723, -0.17792343487063428, -0.23978953004818931, -0.29759117830013926, -0.3347205052542132, -0.43202798250626956, -0.47460773836296016, -0.5253275693194908, -0.573319095615219, -0.5309435425219442, -0.5568597119248647, -0.6153643819912328, -0.6961648337757869, -0.7401877181045351, -0.53320603432073543], "total_reward": [-243.0, -250.0, -252.0, -251.0, -237.0, -242.0, -251.0, -240.0, -252.0, -251.0, -236.0, -226.0, -197.0, -242.0, -252.0, -121.0], "avg_reward": [-20.25, -20.833333333333332, -19.384615384615383, -20.916666666666668, -19.75, -20.166666666666668, -20.916666666666668, -20.0, -19.384615384615383, -20.916666666666668, -19.666666666666668, -20.545454545454547, -19.7, -20.166666666666668, -19.384615384615383, -17.285714285714285], "total_q": [-517.3862812146544, -1237.8083359077573, -2035.2661714851856, -2734.559800669551, -3394.027388513088, -3814.1401573717594, -4931.599420309067, -5429.037919133902, -5988.734290242195, -6522.078031718731, -6066.029973313212, -6351.541874215007, -7020.076869755983, -7918.178819365799, -8427.777358338237, -6065.7518464326859]}