{"avg_q": [0.19909391604470533, 0.23943330634720927, 0.2770096734630376, 0.25100649332926145, 0.3696593508011099, 0.3638256596289389, 0.35046702797105167, 0.37924036615673684, 0.44767725118683416, 0.4866195268568366, 0.5504687730599847, 0.6332759832962206, 0.5864536383222931, 0.6585455067068556, 0.7485330416800573, 0.7377728303162134, 0.7343087528913476, 0.8038100462695446, 0.7943093008858811, 0.9352884864901077, 0.9640031224526864, 0.973187521535048, 0.9694731055814061, 1.0490122158013355, 0.9791210488037599, 1.0767794871754925, 0.9813667033042605, 0.9919856384171807, 1.0501149548813367, 1.1396595946432309, 1.056365312469924, 1.0837178610094165, 1.090464734847431, 1.1443805417524102, 1.0960286005426483, 1.164614708221113, 1.188424279329882, 1.1655005781477425, 1.1769180238393278, 1.1847723818094746, 1.2021666641955047, 1.237910712262517, 1.2433446914298343, 1.1941184906134497, 1.2229799699697557, 1.2537707890961307, 1.2547337886288021, 1.329889971221391, 1.3490618227908222, 1.3671317458770706, 1.3387054256424444, 1.3386188704330442, 1.350335541770011, 1.324736054921119, 1.3568130633128541, 1.3695527744656892, 1.384748954607945, 1.4160623894773012, 1.3349638866432412, 1.4040698980552013, 1.3931471191704676, 1.4380969814071554, 1.4453904314891441, 1.4856031356214097, 1.508214854419627, 1.5146827683347792, 1.5092790577687658, 1.5315709866602383, 1.5066983741216813, 1.5465524465393206, 1.5500432243383082, 1.5497051937273896, 1.5530039168694336, 1.6065840862177143, 1.5956556573680245, 1.5949545579188102, 1.6086371717033805, 1.6430824223766618, 1.6607853281500042, 1.6347485256479797, 1.7009182316751674, 1.7608442305737024, 0.14339281327570116, 0.219619542563569, 0.1781455885803799, 0.24495641763261117, 0.20552989448622505, 0.22843560080864977, 0.272745054242017, 0.3176373058492796, 0.28985644739752364, 0.44941353998112604, 0.4108360102501167, 0.3880275456590481, 0.4925700668203169, 0.5179283595135067, 0.5422071903557312, 0.5762389932846025, 0.6264426780386745, 0.5543819404818641, 0.6323145456420868, 0.7179104345441283, 0.7365902064301484, 0.7567962301026705, 0.7831534338153948, 0.7998617141771379, 0.834750585505838, 0.8691610268060483, 0.8547644084954688, 0.9196533151840933, 0.9444447320343726, 0.9591749255627487, 0.9867973461888736, 1.0092318428599998, 0.9794349812221436, 1.0316116801068091, 1.0336280735037815, 1.1058067760317443], "total_reward": [53.0, 71.0, 70.0, 36.0, 93.0, 64.0, 57.0, 46.0, 71.0, 65.0, 108.0, 98.0, 81.0, 141.0, 137.0, 138.0, 148.0, 157.0, 146.0, 163.0, 170.0, 167.0, 159.0, 165.0, 154.0, 171.0, 165.0, 179.0, 177.0, 161.0, 180.0, 195.0, 178.0, 177.0, 183.0, 174.0, 183.0, 205.0, 180.0, 181.0, 191.0, 181.0, 195.0, 211.0, 195.0, 218.0, 208.0, 198.0, 202.0, 180.0, 220.0, 211.0, 250.0, 224.0, 237.0, 214.0, 213.0, 194.0, 234.0, 211.0, 206.0, 220.0, 237.0, 219.0, 220.0, 233.0, 258.0, 230.0, 208.0, 239.0, 268.0, 255.0, 227.0, 258.0, 259.0, 241.0, 248.0, 268.0, 260.0, 182.0, 252.0, 250.0, 110.0, 97.0, 78.0, 100.0, 96.0, 61.0, 53.0, 82.0, 49.0, 99.0, 89.0, 61.0, 110.0, 97.0, 95.0, 133.0, 134.0, 106.0, 151.0, 141.0, 157.0, 153.0, 168.0, 178.0, 172.0, 176.0, 177.0, 173.0, 175.0, 187.0, 198.0, 176.0, 192.0, 198.0, 203.0, 190.0], "avg_reward": [1.0816326530612246, 2.088235294117647, 1.6666666666666667, 1.0909090909090908, 2.0217391304347827, 1.8285714285714285, 1.1875, 1.3529411764705883, 2.2903225806451615, 1.8055555555555556, 2.7, 2.3333333333333335, 2.7, 4.7, 4.724137931034483, 5.111111111111111, 6.166666666666667, 7.136363636363637, 6.083333333333333, 6.52, 6.8, 7.260869565217392, 7.2272727272727275, 6.346153846153846, 6.416666666666667, 7.7727272727272725, 7.5, 8.523809523809524, 8.428571428571429, 6.1923076923076925, 8.181818181818182, 9.75, 8.090909090909092, 8.045454545454545, 9.631578947368421, 8.285714285714286, 9.631578947368421, 11.38888888888889, 9.0, 9.05, 10.052631578947368, 9.05, 10.833333333333334, 12.411764705882353, 10.263157894736842, 12.11111111111111, 11.555555555555555, 11.647058823529411, 12.625, 9.0, 13.75, 13.1875, 16.666666666666668, 14.933333333333334, 16.928571428571427, 12.588235294117647, 12.529411764705882, 10.210526315789474, 16.714285714285715, 14.066666666666666, 14.714285714285714, 16.923076923076923, 18.23076923076923, 12.882352941176471, 13.75, 17.923076923076923, 19.846153846153847, 14.375, 13.0, 17.071428571428573, 24.363636363636363, 21.25, 15.133333333333333, 19.846153846153847, 18.5, 20.083333333333332, 17.714285714285715, 19.142857142857142, 21.666666666666668, 9.1, 19.384615384615383, 17.857142857142858, 3.142857142857143, 1.8653846153846154, 1.6595744680851063, 2.0, 2.1333333333333333, 2.1785714285714284, 0.9137931034482759, 1.7083333333333333, 0.875, 2.25, 1.8936170212765957, 2.3461538461538463, 2.8947368421052633, 2.1555555555555554, 2.111111111111111, 4.03030303030303, 3.526315789473684, 3.6551724137931036, 5.592592592592593, 3.810810810810811, 6.038461538461538, 6.375, 7.0, 8.476190476190476, 7.478260869565218, 8.0, 8.85, 8.238095238095237, 8.333333333333334, 9.35, 9.9, 8.0, 10.666666666666666, 10.421052631578947, 11.277777777777779, 10.0], "total_q": [2267.8787976652384, 2735.0466584041715, 3156.525229111314, 2869.506231740117, 4231.490588620305, 4158.891115218401, 3991.8194485902786, 4337.372067734599, 5095.910150259733, 5549.409084275365, 6278.646825522184, 7232.645005226135, 6683.225662320852, 7552.199870914221, 8555.732666403055, 8422.414630889893, 8369.65116545558, 9162.630717426538, 9048.771555691957, 10680.99451571703, 10987.70758971572, 11101.150058150291, 11080.10812368989, 11959.788272351027, 11193.311829924583, 12272.055815339088, 11180.71085074544, 11312.60422050953, 11968.160140782595, 13003.515974879265, 12054.184580594301, 12411.820662140846, 12419.302865177393, 13012.751140266657, 12506.78236079216, 13327.850720882416, 13552.790481477976, 13306.520100712776, 13420.396225839853, 13472.046753555536, 13751.584471732378, 14127.037048339844, 14136.829141557217, 13620.115503937006, 13938.302717745304, 14252.866330444813, 14324.040930986404, 15187.343471348286, 15375.257594347, 15560.693531572819, 15219.741984128952, 15194.662798285484, 15418.131215929985, 15121.862066924572, 15500.232435286045, 15622.488498330116, 15766.751597166061, 16130.366678535938, 15243.95262157917, 16073.792192935944, 15858.193657517433, 16351.162678599358, 16535.26653623581, 16941.818158626556, 17272.076512813568, 17234.060538113117, 17222.383328199387, 17384.862269580364, 17194.441845476627, 17677.094463944435, 17698.393535494804, 17652.691861748695, 17707.350660145283, 18364.86268955469, 18174.5179374218, 18298.91364300251, 18298.247828125954, 18734.425779938698, 18969.49001812935, 18616.516210079193, 19351.34672176838, 20144.057997763157, 1631.953607890755, 2495.5368621498346, 2028.1875259876251, 2804.0161126405, 2345.7126857712865, 2607.3639476299286, 3106.0206777080894, 3627.735670104623, 3306.9722083583474, 5117.921393305063, 4698.320613220334, 4423.902048058808, 5628.105583488941, 5905.419155173004, 6184.41521319747, 6581.80178129673, 7179.03309032321, 6327.715468659997, 7193.2102712243795, 8182.743132933974, 8419.962649703026, 8613.854691028595, 8947.527981340885, 9106.425615906715, 9536.190688818693, 9877.145908623934, 9775.08577555418, 10474.851259946823, 10769.50327938795, 10930.757451713085, 11217.912231475115, 11494.141458332539, 11168.497090876102, 11804.732455462217, 11768.889244914055, 12577.44627058506]}